{"cameraMode":{"drawMode":0,"name":"Shaded","section":"Shading Mode"},"sceneLighting":true,"audioPlay":false,"sceneViewState":{"m_AlwaysRefresh":false,"showFog":true,"showSkybox":true,"showFlares":true,"showImageEffects":true,"showParticleSystems":true,"showVisualEffectGraphs":true,"m_FxEnabled":true},"in2DMode":false,"pivot":{"x":384.5389404296875,"y":423.1727294921875,"z":-13.99053955078125},"rotation":{"x":-0.005372664891183376,"y":-0.1146516352891922,"z":-0.0006065831985324621,"w":0.9933721423149109},"size":466.4999694824219,"orthographic":true}