{"cameraMode":{"drawMode":0,"name":"Shaded","section":"Shading Mode"},"sceneLighting":true,"audioPlay":false,"sceneViewState":{"m_AlwaysRefresh":false,"showFog":true,"showSkybox":true,"showFlares":true,"showImageEffects":true,"showParticleSystems":true,"showVisualEffectGraphs":true,"m_FxEnabled":true},"in2DMode":false,"pivot":{"x":368.788818359375,"y":360.22186279296877,"z":-46.25243377685547},"rotation":{"x":0.0740194097161293,"y":-0.008384418673813343,"z":0.0006353766657412052,"w":0.9971765875816345},"size":466.4999694824219,"orthographic":true}